,names
ENSTILAR 0.005%-0.064% FOAM,ENSTILAR 0.064%;0.005% TOPICAL
DOXYCYCLINE HYCLATE 100MG CAPSULE ORAL,DOXYCYCLINE HYCLATE EQ 150MG BASE ORAL
DOXYCYCLINE HYCLATE 50MG CAPSULE ORAL,DOXYCYCLINE HYCLATE EQ 80MG BASE ORAL
AGGRENOX 25MG-200MG CAPSULE,AGGRENOX 25MG;200MG ORAL
CARBAMAZEPINE ER 100MG TABLET,CARBAMAZEPINE 100MG ORAL
CARBAMAZEPINE 200MG TABLET,CARBAMAZEPINE 200MG ORAL
DEXTROAMPHETAMINE 5MG TABLET ORAL,DEXTROAMPHETAMINE SULFATE 5MG ORAL
DEXTROAMPHETAMINE 10MG TABLET ORAL,DEXTROAMPHETAMINE SULFATE 10MG ORAL
FLUVOXAMINE MALEATE 100MG TABLET ORAL,FLUVOXAMINE MALEATE 150MG ORAL
FLUVOXAMINE MALEATE 50MG TABLET ORAL,FLUVOXAMINE MALEATE 50MG ORAL
THEOPHYLLINE ER 100MG TABLET,THEOPHYLLINE 100MG ORAL
THEOPHYLLINE ER 200MG TABLET,THEOPHYLLINE 200MG ORAL
TOLTERODINE TARTRATE 2MG TABLET ORAL,TOLTERODINE TARTRATE 1MG ORAL
TOPIRAMATE 25MG TABLET,TOPIRAMATE 25MG ORAL
TOPIRAMATE 50MG TABLET,TOPIRAMATE 50MG ORAL
TOPIRAMATE 100MG TABLET,TOPIRAMATE 100MG ORAL
TROSPIUM CHLORIDE 20MG TABLET,TROSPIUM CHLORIDE 20MG ORAL
AMOXICILLIN 500MG TABLET,AMOXICILLIN 500MG ORAL
ATAZANAVIR SULFATE 200MG CAPSULE ORAL,ATAZANAVIR SULFATE EQ 300MG BASE ORAL
ATAZANAVIR SULFATE 300MG CAPSULE ORAL,ATAZANAVIR SULFATE EQ 300MG BASE ORAL
BALSALAZIDE DISODIUM 750MG CAPSULE ORAL,BALSALAZIDE DISODIUM 750MG ORAL
BUTALBITAL-ACETAMINOPHEN-CAFFEINE 50-325-40MG TABLET,"BUTALBITAL, ACETAMINOPHEN AND CAFFEINE 325MG;50MG;40MG ORAL"
BUTALBITAL-ACETAMINOPHEN-CAFFEINE 50-300-40MG CAPSULE,"BUTALBITAL, ACETAMINOPHEN AND CAFFEINE 300MG;50MG;40MG ORAL"
CALCITRIOL 0.25MCG CAPSULE,CALCITRIOL 0.25MCG ORAL
CALCIUM ACETATE 667MG CAPSULE,CALCIUM ACETATE 667MG ORAL
CALCIUM ACETATE 667MG TABLET,CALCIUM ACETATE 667MG ORAL
COLCHICINE 0.6MG TABLET,COLCHICINE 0.6MG ORAL
CYCLOPHOSPHAMIDE 500MG VIAL,CYCLOPHOSPHAMIDE 50MG ORAL
CYCLOPHOSPHAMIDE 25MG TABLET ORAL,CYCLOPHOSPHAMIDE 25MG ORAL
DANTROLENE SODIUM 25MG CAPSULE ORAL,DANTROLENE SODIUM 25MG ORAL
DANTROLENE SODIUM 50MG CAPSULE ORAL,DANTROLENE SODIUM 50MG ORAL
DANTROLENE SODIUM 100MG CAPSULE ORAL,DANTROLENE SODIUM 100MG ORAL
DOXERCALCIFEROL 0.5MCG CAPSULE ORAL,DOXERCALCIFEROL 0.5MCG ORAL
FLUVASTATIN SODIUM 40MG CAPSULE ORAL,FLUVASTATIN SODIUM EQ 80MG BASE ORAL
FLUVASTATIN SODIUM 20MG CAPSULE ORAL,FLUVASTATIN SODIUM EQ 20MG BASE ORAL
HYDROCHLOROTHIAZIDE 12.5MG CAPSULE ORAL,HYDROCHLOROTHIAZIDE 12.5MG ORAL
HYDROCHLOROTHIAZIDE 12.5MG TABLET ORAL,HYDROCHLOROTHIAZIDE 12.5MG ORAL
IBUPROFEN 200MG TABLET,IBUPROFEN 200MG ORAL
LITHIUM CARBONATE 150MG CAPSULE ORAL,LITHIUM CARBONATE 150MG ORAL
LITHIUM CARBONATE 300MG CAPSULE ORAL,LITHIUM CARBONATE 300MG ORAL
LITHIUM CARBONATE 300MG TABLET ORAL,LITHIUM CARBONATE 300MG ORAL
LITHIUM CARBONATE 600MG CAPSULE ORAL,LITHIUM CARBONATE 600MG ORAL
LORATADINE 10MG TABLET,LORATADINE 10MG ORAL
PAROXETINE MESYLATE 7.5MG CAPSULE ORAL,PAROXETINE MESYLATE EQ 7.5MG BASE ORAL
PROGESTERONE 100MG CAPSULE,PROGESTERONE 100MG ORAL
PROGESTERONE 200MG CAPSULE,PROGESTERONE 200MG ORAL
QUINIDINE SULFATE 200MG TABLET ORAL,QUINIDINE SULFATE 100MG ORAL
QUININE SULFATE 324MG CAPSULE,QUININE SULFATE 324MG ORAL
TEMOZOLOMIDE 100MG CAPSULE,TEMOZOLOMIDE 100MG ORAL
TEMOZOLOMIDE 140MG CAPSULE,TEMOZOLOMIDE 140MG ORAL
TEMOZOLOMIDE 180MG CAPSULE,TEMOZOLOMIDE 180MG ORAL
TOLMETIN SODIUM 400MG CAPSULE ORAL,TOLMETIN SODIUM EQ 400MG BASE ORAL
TRIAMTERENE-HYDROCHLOROTHIAZIDE 37.5-25MG TABLET ORAL,TRIAMTERENE AND HYDROCHLOROTHIAZIDE 25MG;37.5MG ORAL
TRIAMTERENE-HYDROCHLOROTHIAZIDE 37.5-25MG CAPSULE ORAL,TRIAMTERENE AND HYDROCHLOROTHIAZIDE 50MG;75MG ORAL
TRIAMTERENE-HYDROCHLOROTHIAZIDE 50-25MG CAPSULE ORAL,TRIAMTERENE AND HYDROCHLOROTHIAZIDE 25MG;50MG ORAL
VALPROIC ACID 250MG CAPSULE,VALPROIC ACID 250MG ORAL
ALPRAZOLAM 1MG/ML ORAL CONC,ALPRAZOLAM 1MG/ML ORAL
CROMOLYN SODIUM 100MG/5ML,CROMOLYN SODIUM 100MG/5ML ORAL
DIAZEPAM 5MG/ML ORAL CONC,DIAZEPAM 5MG/ML ORAL
LORAZEPAM 2MG/ML VIAL,LORAZEPAM 2MG/ML ORAL
LORAZEPAM INTENSOL 2MG/ML,LORAZEPAM INTENSOL 2MG/ML ORAL
METHADONE 10MG/ML ORAL CONC,METHADOSE 10MG/ML ORAL
CICLOPIROX 0.77% TOPICAL SUSP,CICLOPIROX 0.77% TOPICAL
CLOTRIMAZOLE 1% TOPICAL CREAM,CLOTRIMAZOLE 1% TOPICAL
METRONIDAZOLE TOPICAL 0.75% GL,METRONIDAZOLE 0.75% TOPICAL
MOMETASONE FUROATE 0.1% OINT,MOMETASONE FUROATE 0.1% TOPICAL
"NYSTATIN 100,000 UNITS/GM OINT","NYSTATIN 100,000 UNITS/GM TOPICAL"
DEXAMETHASONE 20MG/5ML VIAL,DEXAMETHASONE 0.5MG/5ML ORAL
DEXAMETHASONE 0.5MG/5ML ELX,DEXAMETHASONE 0.5MG/5ML ORAL
THEOPHYLLINE 80MG/15ML SOLUTION,THEOPHYLLINE 80MG/15ML ORAL
HYDROCORTISONE 100MG/60ML,HYDROCORTISONE 100MG/60ML RECTAL
CIPROFLOXACIN 250MG/5ML SUSP,CIPROFLOXACIN 250MG/5ML ORAL
CIPROFLOXACIN 500MG/5ML SUSP,CIPROFLOXACIN 500MG/5ML ORAL
CLARITHROMYCIN 125MG/5ML SUS,CLARITHROMYCIN 125MG/5ML ORAL
CLARITHROMYCIN 250MG/5ML SUS,CLARITHROMYCIN 250MG/5ML ORAL
WELCHOL 3.75G PACKET,WELCHOL 3.75GM/PACKET ORAL
LOTEMAX 0.5% OPHTHALMIC GEL,LOTEMAX 0.5% OPHTHALMIC
ZIRGAN 0.15% OPHTHALMIC GEL,ZIRGAN 0.15% OPHTHALMIC
METROGEL TOPICAL 1% PUMP,METROGEL 1% TOPICAL
METROGEL TOPICAL 1% GEL,METROGEL 1% TOPICAL
METRONIDAZOLE TOPICAL 1% GEL,METRONIDAZOLE 1% TOPICAL
METRONIDAZOLE VAGINAL 0.75% GL,METRONIDAZOLE 0.75% VAGINAL
NUVESSA VAGINAL 1.3% GEL,NUVESSA 1.3% VAGINAL
VANDAZOLE VAGINAL 0.75% GEL,VANDAZOLE 0.75% VAGINAL
SOLOSEC 2 GM GRANULE PACKET,SOLOSEC 2GM/PACKET ORAL
MARCAINE 0.5% VIAL,MARCAINE 0.75% SPINAL
SENSORCAINE 0.5% VIAL,SENSORCAINE 0.75% SPINAL
STERILE WATER FOR IRRIGATION,STERILE WATER 100% IRRIGATION
STERILE WATER FOR INJECTION,STERILE WATER FOR INJECTION 100% N/A
BACITRACIN 500 UNIT/GM OPHTHALMIC OINTMENT,BACITRACIN 500 UNITS/GM OPHTHALMIC
TUDORZA PRESSAIR 400MCG INHALATION,TUDORZA PRESSAIR 0.4MG/INH INHALATION
ARNUITY ELLIPTA 100MCG INHALATION,ARNUITY ELLIPTA 0.2MG/INH INHALATION
ARNUITY ELLIPTA 50MCG INHALATION,ARNUITY ELLIPTA 0.2MG/INH INHALATION
YUPELRI 175MCG/3ML SOLUTION,YUPELRI 175MCG/3ML INHALATION
CYCLOSPORINE 100MG/ML SOLUTION,CYCLOSPORINE 100MG/ML ORAL
DILAUDID 5MG/5ML ORAL LIQUID,DILAUDID 5MG/5ML ORAL
FUROSEMIDE 40MG/4ML VIAL,FUROSEMIDE 40MG/5ML ORAL
LEVETIRACETAM 100MG/ML SOLUTION,LEVETIRACETAM 100MG/ML ORAL
ZIDOVUDINE 50MG/5ML SYRUP,ZIDOVUDINE 50MG/5ML ORAL
DICLOFENAC 1.5% TOPICAL SOLUTION,DICLOFENAC SODIUM 1.5% TOPICAL
BUDESONIDE 32MCG NASAL SPRAY,BUDESONIDE 0.032MG/SPRAY NASAL
CROMOLYN SODIUM NASAL SPRAY,CROMOLYN SODIUM 5.2MG/SPRAY NASAL
DIHYDROERGOTAMINE MESYLATE 4MG/ML NASAL SPRAY,DIHYDROERGOTAMINE MESYLATE 0.5MG/SPRAY NASAL
MIACALCIN 200 UNIT NASAL SPRAY,MIACALCIN 200 IU/SPRAY NASAL
MIGRANAL NASAL SPRAY,MIGRANAL 0.5MG/SPRAY NASAL
NARCAN 4MG NASAL SPRAY,NARCAN 4MG/SPRAY NASAL
NASCOBAL 500MCG NASAL SPRAY,NASCOBAL 0.5MG/SPRAY NASAL
NASONEX 50MCG NASAL SPRAY,NASONEX 0.05MG/SPRAY NASAL
PATANASE 665MCG NASAL SPRAY,PATANASE 0.665MG/SPRAY NASAL
SPRIX 15.75MG NASAL SPRAY,SPRIX 15.75MG/SPRAY NASAL
STIMATE 1.5MG/ML NASAL SPRAY,STIMATE 0.15MG/SPRAY NASAL
ZOLPIMIST 5MG ORAL SPRAY,ZOLPIMIST 5MG/SPRAY ORAL
IMITREX 5MG NASAL SPRAY,IMITREX 20MG/SPRAY NASAL
IMITREX 20MG NASAL SPRAY,IMITREX 20MG/SPRAY NASAL
NAYZILAM 5MG NASAL SPRAY,NAYZILAM 5MG/SPRAY NASAL
SUMATRIPTAN 5MG NASAL SPRAY,SUMATRIPTAN 20MG/SPRAY NASAL
SUMATRIPTAN 20MG NASAL SPRAY,SUMATRIPTAN 20MG/SPRAY NASAL
ZOMIG 5MG NASAL SPRAY,ZOMIG 5MG/SPRAY NASAL
ZOMIG 2.5MG NASAL SPRAY,ZOMIG 2.5MG/SPRAY NASAL
ACETAMINOPHEN 325MG TABLET,ACETAMINOPHEN 325MG RECTAL
ACETAMINOPHEN ER 650MG TABLET,ACETAMINOPHEN 650MG ORAL
PROCHLORPERAZINE 5MG TABLET,PROCHLORPERAZINE 25MG RECTAL
CLEOCIN 100MG VAGINAL OVULE,CLEOCIN 100MG VAGINAL
CARBAMAZEPINE 100MG/5ML SUSP,CARBAMAZEPINE 100MG/5ML ORAL
CELLCEPT 200MG/ML ORAL SUSP,CELLCEPT 200MG/ML ORAL
CHILDREN'S ADVIL 100MG/5ML,CHILDREN'S ADVIL 100MG/5ML ORAL
CHILDREN IBUPROFEN 100MG/5ML,CHILDREN'S IBUPROFEN 100MG/5ML ORAL
DIURIL 250MG/5ML ORAL SUSP,DIURIL 250MG/5ML ORAL
FYCOMPA 0.5MG/ML ORAL SUSP,FYCOMPA 0.5MG/ML ORAL
NITROFURANTOIN 25MG/5ML SUSP,NITROFURANTOIN 25MG/5ML ORAL
"NYSTATIN 500,000 UNITS/5ML","NYSTATIN 100,000 UNITS/ML ORAL"
"NYSTATIN 100,000 UNITS/ML SUSP","NYSTATIN 100,000 UNITS/ML ORAL"
PROGLYCEM 50MG/ML ORAL SUSP,PROGLYCEM 50MG/ML ORAL
NATROBA 0.9% TOPICAL SUSP,NATROBA 0.9% TOPICAL
ETHOSUXIMIDE 250MG/5ML SOLUTION,ETHOSUXIMIDE 250MG/5ML ORAL
VALPROIC ACID 250MG/5ML SOLUTION,VALPROIC ACID 250MG/5ML ORAL
FAMOTIDINE 10MG TABLET,FAMOTIDINE 10MG ORAL
LAMOTRIGINE 25MG TABLET,LAMOTRIGINE 25MG ORAL
AZULFIDINE ENTAB 500MG,AZULFIDINE EN-TABS 500MG ORAL
RISEDRONATE SODIUM 35MG TABLET ORAL,RISEDRONATE SODIUM 30MG ORAL
AFEDITAB CR 60MG TABLET,AFEDITAB CR 60MG ORAL
AFEDITAB CR 30MG TABLET,AFEDITAB CR 30MG ORAL
ALPRAZOLAM 0.5MG TABLET,ALPRAZOLAM 0.5MG ORAL
ALPRAZOLAM 0.5MG ODT,ALPRAZOLAM 0.5MG ORAL
ALPRAZOLAM 1MG ODT,ALPRAZOLAM 1MG ORAL
AMBIEN CR 6.25MG TABLET,AMBIEN CR 6.25MG ORAL
AMBIEN CR 12.5MG TABLET,AMBIEN CR 12.5MG ORAL
CARBAMAZEPINE ER 400MG TABLET,CARBAMAZEPINE 400MG ORAL
CARDIZEM LA 120MG TABLET,CARDIZEM LA 120MG ORAL
CARDIZEM LA 180MG TABLET,CARDIZEM LA 180MG ORAL
CARDIZEM LA 240MG TABLET,CARDIZEM LA 240MG ORAL
CARDIZEM LA 360MG TABLET,CARDIZEM LA 360MG ORAL
CLARITHROMYCIN 500MG TABLET,CLARITHROMYCIN 500MG ORAL
DALFAMPRIDINE ER 10MG TABLET,DALFAMPRIDINE 10MG ORAL
DITROPAN XL 10MG TABLET,DITROPAN XL 10MG ORAL
FLAGYL ER 750MG TABLET,FLAGYL ER 750MG ORAL
FORFIVO XL 450MG TABLET,FORFIVO XL 450MG ORAL
GLUCOTROL XL 5MG TABLET,GLUCOTROL XL 5MG ORAL
GLUCOTROL XL 10MG TABLET,GLUCOTROL XL 10MG ORAL
HYSINGLA ER 20MG TABLET,HYSINGLA ER 20MG ORAL
HYSINGLA ER 30MG TABLET,HYSINGLA ER 30MG ORAL
HYSINGLA ER 40MG TABLET,HYSINGLA ER 40MG ORAL
HYSINGLA ER 60MG TABLET,HYSINGLA ER 60MG ORAL
HYSINGLA ER 80MG TABLET,HYSINGLA ER 80MG ORAL
INVOKAMET XR 150-500MG TABLET,INVOKAMET XR 150MG;500MG ORAL
ISOSORBIDE DINITRATE 10MG TABLET ORAL,ISOSORBIDE DINITRATE 30MG ORAL
KEPPRA XR 500MG TABLET,KEPPRA XR 500MG ORAL
KEPPRA XR 750MG TABLET,KEPPRA XR 750MG ORAL
LAMICTAL XR 25MG TABLET,LAMICTAL XR 25MG ORAL
LAMICTAL XR 50MG TABLET,LAMICTAL XR 50MG ORAL
LAMICTAL XR 100MG TABLET,LAMICTAL XR 100MG ORAL
LAMICTAL XR 200MG TABLET,LAMICTAL XR 200MG ORAL
LAMICTAL XR 250MG TABLET,LAMICTAL XR 250MG ORAL
LAMICTAL XR 300MG TABLET,LAMICTAL XR 300MG ORAL
LAMOTRIGINE 100MG TABLET,LAMOTRIGINE 100MG ORAL
LAMOTRIGINE 200MG TABLET,LAMOTRIGINE 200MG ORAL
LEVETIRACETAM 500MG TABLET,LEVETIRACETAM 500MG ORAL
LEVETIRACETAM 750MG TABLET,LEVETIRACETAM 750MG ORAL
LYRICA CR 165MG TABLET,LYRICA CR 165MG ORAL
LYRICA CR 330MG TABLET,LYRICA CR 330MG ORAL
METADATE ER 20MG TABLET,METADATE ER 20MG ORAL
METHYLIN ER 10MG TABLET,METHYLIN ER 10MG ORAL
METHYLIN ER 20MG TABLET,METHYLIN ER 20MG ORAL
MIRAPEX ER 0.375MG TABLET,MIRAPEX ER 0.375MG ORAL
MIRAPEX ER 0.75MG TABLET,MIRAPEX ER 0.75MG ORAL
MIRAPEX ER 1.5MG TABLET,MIRAPEX ER 1.5MG ORAL
MIRAPEX ER 4.5MG TABLET,MIRAPEX ER 4.5MG ORAL
MORPHABOND ER 15MG TABLET,MORPHABOND ER 15MG ORAL
MORPHABOND ER 30MG TABLET,MORPHABOND ER 30MG ORAL
MS CONTIN 100MG TABLET,MS CONTIN 100MG ORAL
QUINIDINE SULFATE 300MG TABLET ORAL,QUINIDINE SULFATE 300MG ORAL
TEGRETOL XR 100MG TABLET,TEGRETOL-XR 100MG ORAL
TEGRETOL XR 200MG TABLET,TEGRETOL-XR 200MG ORAL
TEGRETOL XR 400MG TABLET,TEGRETOL-XR 400MG ORAL
THEOPHYLLINE ER 400MG TABLET,THEOPHYLLINE 400MG ORAL
THEOPHYLLINE ER 600MG TABLET,THEOPHYLLINE 600MG ORAL
ULTRAM ER 100MG TABLET,ULTRAM ER 100MG ORAL
ULTRAM ER 200MG TABLET,ULTRAM ER 200MG ORAL
ULTRAM ER 300MG TABLET,ULTRAM ER 300MG ORAL
VIRAMUNE XR 400MG TABLET,VIRAMUNE XR 400MG ORAL
WELLBUTRIN XL 150MG TABLET,WELLBUTRIN XL 150MG ORAL
WELLBUTRIN XL 300MG TABLET,WELLBUTRIN XL 300MG ORAL
XARTEMIS XR 7.5-325MG TABLET,XARTEMIS XR 325MG;7.5MG ORAL
XIGDUO XR 5MG-500MG TABLET,XIGDUO XR 5MG;500MG ORAL
XIGDUO XR 10MG-500MG TABLET,XIGDUO XR 10MG;500MG ORAL
COTEMPLA XR-ODT 8.6MG TABLET,COTEMPLA XR-ODT 8.6MG ORAL
COTEMPLA XR-ODT 17.3MG TABLET,COTEMPLA XR-ODT 17.3MG ORAL
COTEMPLA XR-ODT 25.9MG TABLET,COTEMPLA XR-ODT 25.9MG ORAL
ALPRAZOLAM 0.25MG TABLET,ALPRAZOLAM 0.25MG ORAL
ALPRAZOLAM 0.25MG ODT,ALPRAZOLAM 0.25MG ORAL
ARIPIPRAZOLE 10MG TABLET,ARIPIPRAZOLE 10MG ORAL
ARIPIPRAZOLE 15MG TABLET,ARIPIPRAZOLE 15MG ORAL
ARIPIPRAZOLE 20MG TABLET,ARIPIPRAZOLE 20MG ORAL
ARIPIPRAZOLE 30MG TABLET,ARIPIPRAZOLE 30MG ORAL
CLARITIN 5MG REDITABS,CLARITIN REDITABS 5MG ORAL
CLARITIN 10MG REDITABS,CLARITIN REDITABS 10MG ORAL
CLONAZEPAM 0.25MG ODT,CLONAZEPAM 0.25MG ORAL
CLONAZEPAM 0.125MG ODT,CLONAZEPAM 0.125MG ORAL
CLONAZEPAM 0.5MG TABLET,CLONAZEPAM 0.5MG ORAL
CLONAZEPAM 0.5MG ODT,CLONAZEPAM 0.5MG ORAL
CLONAZEPAM 1MG ODT,CLONAZEPAM 1MG ORAL
CLONAZEPAM 2MG ODT,CLONAZEPAM 2MG ORAL
CLOZAPINE 100MG TABLET,CLOZAPINE 100MG ORAL
CLOZAPINE 200MG TABLET,CLOZAPINE 200MG ORAL
DESLORATADINE 2.5MG ODT,DESLORATADINE 2.5MG ORAL
DESLORATADINE 5MG TABLET,DESLORATADINE 5MG ORAL
DESLORATADINE 5MG ODT,DESLORATADINE 5MG ORAL
EVEKEO ODT 10MG,EVEKEO ODT 10MG ORAL
FAZACLO 25MG ODT,FAZACLO ODT 25MG ORAL
FAZACLO 100MG ODT,FAZACLO ODT 100MG ORAL
FAZACLO 200MG ODT,FAZACLO ODT 200MG ORAL
LAMICTAL ODT 25MG TABLET,LAMICTAL ODT 25MG ORAL
LAMICTAL ODT 50MG TABLET,LAMICTAL ODT 50MG ORAL
LAMICTAL ODT 100MG TABLET,LAMICTAL ODT 100MG ORAL
LAMICTAL ODT 200MG TABLET,LAMICTAL ODT 200MG ORAL
MIRTAZAPINE 15MG ODT,MIRTAZAPINE 15MG ORAL
MIRTAZAPINE 30MG TABLET,MIRTAZAPINE 30MG ORAL
MIRTAZAPINE 30MG ODT,MIRTAZAPINE 30MG ORAL
MIRTAZAPINE 45MG ODT,MIRTAZAPINE 45MG ORAL
OLANZAPINE 10MG TABLET,OLANZAPINE 10MG ORAL
OLANZAPINE 10MG VIAL,OLANZAPINE 10MG ORAL
OLANZAPINE 15MG TABLET,OLANZAPINE 15MG ORAL
OLANZAPINE 20MG TABLET,OLANZAPINE 20MG ORAL
RISPERIDONE 0.5MG ODT,RISPERIDONE 0.25MG ORAL
RISPERIDONE 1MG ODT,RISPERIDONE 1MG ORAL
RISPERIDONE 2MG ODT,RISPERIDONE 2MG ORAL
RISPERIDONE 3MG ODT,RISPERIDONE 3MG ORAL
RISPERIDONE 4MG ODT,RISPERIDONE 4MG ORAL
RISPERIDONE 0.25MG ODT,RISPERIDONE 0.25MG ORAL
ZOLMITRIPTAN 2.5MG TABLET,ZOLMITRIPTAN 2.5MG ORAL
ZOLMITRIPTAN 2.5MG ODT,ZOLMITRIPTAN 2.5MG ORAL
ZOLMITRIPTAN 5MG TABLET,ZOLMITRIPTAN 5MG ORAL
ZOLMITRIPTAN 5MG ODT,ZOLMITRIPTAN 5MG ORAL
ZOMIG ZMT 2.5MG TABLET,ZOMIG-ZMT 2.5MG ORAL
ZYPREXA ZYDIS 5MG TABLET,ZYPREXA ZYDIS 5MG ORAL
ZYPREXA ZYDIS 10MG TABLET,ZYPREXA ZYDIS 10MG ORAL
ZYPREXA ZYDIS 15MG TABLET,ZYPREXA ZYDIS 15MG ORAL
ZYPREXA ZYDIS 20MG TABLET,ZYPREXA ZYDIS 20MG ORAL
ABIRATERONE ACETATE 250MG TABLET ORAL,ABIRATERONE ACETATE 250MG ORAL
ACETAZOLAMIDE 250MG TABLET,ACETAZOLAMIDE 250MG ORAL
ACETAZOLAMIDE 125MG TABLET,ACETAZOLAMIDE 125MG ORAL
ACTIVELLA 1MG-0.5MG TABLET,ACTIVELLA 1MG;0.5MG ORAL
ACYCLOVIR 400MG TABLET,ACYCLOVIR 400MG ORAL
ACYCLOVIR 800MG TABLET,ACYCLOVIR 800MG ORAL
ADEFOVIR DIPIVOXIL 10MG TABLET ORAL,ADEFOVIR DIPIVOXIL 10MG ORAL
ALBENDAZOLE 200MG TABLET,ALBENDAZOLE 200MG ORAL
ALLOPURINOL 100MG TABLET,ALLOPURINOL 100MG ORAL
ALLOPURINOL 300MG TABLET,ALLOPURINOL 300MG ORAL
AMABELZ 0.5MG-0.1MG TABLET,AMABELZ 0.5MG;0.1MG ORAL
AMABELZ 1MG-0.5MG TABLET,AMABELZ 1MG;0.5MG ORAL
AMINOCAPROIC ACID 500MG TABLET ORAL,AMINOCAPROIC ACID 500MG ORAL
AMOXAPINE 100MG TABLET,AMOXAPINE 100MG ORAL
AMOXICILLIN 875MG TABLET,AMOXICILLIN 875MG ORAL
AMPHETAMINE SULFATE 10MG TABLET ORAL,AMPHETAMINE SULFATE 10MG ORAL
ANASTROZOLE 1MG TABLET,ANASTROZOLE 1MG ORAL
ANGELIQ 0.5MG-1MG TABLET,ANGELIQ 0.5MG;1MG ORAL
ARIPIPRAZOLE 2MG TABLET,ARIPIPRAZOLE 2MG ORAL
ARIPIPRAZOLE 5MG TABLET,ARIPIPRAZOLE 5MG ORAL
ARMODAFINIL 50MG TABLET,ARMODAFINIL 50MG ORAL
ARMODAFINIL 150MG TABLET,ARMODAFINIL 150MG ORAL
ARMODAFINIL 250MG TABLET,ARMODAFINIL 250MG ORAL
ARMODAFINIL 200MG TABLET,ARMODAFINIL 200MG ORAL
AZATHIOPRINE 50MG TABLET,AZATHIOPRINE 50MG ORAL
BARACLUDE 0.5MG TABLET,BARACLUDE 0.5MG ORAL
BENICAR HCT 20-12.5MG TABLET,BENICAR HCT 12.5MG;20MG ORAL
BENICAR HCT 40-12.5MG TABLET,BENICAR HCT 12.5MG;40MG ORAL
BETAPACE AF 80MG TABLET,BETAPACE AF 80MG ORAL
BETAPACE AF 120MG TABLET,BETAPACE AF 120MG ORAL
BICALUTAMIDE 50MG TABLET,BICALUTAMIDE 50MG ORAL
"BICILLIN L-A 1,200,000 UNITS","BICILLIN 200,000 UNITS ORAL"
BILTRICIDE 600MG TABLET,BILTRICIDE 600MG ORAL
BISOPROLOL FUMARATE 5MG TABLET ORAL,BISOPROLOL FUMARATE 5MG ORAL
BISOPROLOL FUMARATE 10MG TABLET ORAL,BISOPROLOL FUMARATE 10MG ORAL
BUMETANIDE 0.5MG TABLET,BUMETANIDE 0.5MG ORAL
CABERGOLINE 0.5MG TABLET,CABERGOLINE 0.5MG ORAL
CANDESARTAN CILEXETIL 8MG TABLET ORAL,CANDESARTAN CILEXETIL 8MG ORAL
CANDESARTAN CILEXETIL 4MG TABLET ORAL,CANDESARTAN CILEXETIL 4MG ORAL
CANDESARTAN CILEXETIL 16MG TABLET ORAL,CANDESARTAN CILEXETIL 16MG ORAL
CANDESARTAN CILEXETIL 32MG TABLET ORAL,CANDESARTAN CILEXETIL 32MG ORAL
CAPECITABINE 150MG TABLET,CAPECITABINE 150MG ORAL
CAPECITABINE 500MG TABLET,CAPECITABINE 500MG ORAL
CAPTOPRIL 12.5MG TABLET,CAPTOPRIL 12.5MG ORAL
CAPTOPRIL 100MG TABLET,CAPTOPRIL 100MG ORAL
CAPTOPRIL-HYDROCHLOROTHIAZIDE 25-15MG TABLET,CAPTOPRIL AND HYDROCHLOROTHIAZIDE 25MG;15MG ORAL
CAPTOPRIL-HYDROCHLOROTHIAZIDE 25-25MG TABLET,CAPTOPRIL AND HYDROCHLOROTHIAZIDE 25MG;25MG ORAL
CAPTOPRIL-HYDROCHLOROTHIAZIDE 50-15MG TABLET,CAPTOPRIL AND HYDROCHLOROTHIAZIDE 50MG;15MG ORAL
CAPTOPRIL-HYDROCHLOROTHIAZIDE 50-25MG TABLET,CAPTOPRIL AND HYDROCHLOROTHIAZIDE 50MG;25MG ORAL
CARBINOXAMINE MALEATE 4MG TABLET ORAL,CARBINOXAMINE MALEATE 6MG ORAL
CARISOPRODOL 350MG TABLET,CARISOPRODOL 350MG ORAL
CARISOPRODOL 250MG TABLET,CARISOPRODOL 250MG ORAL
CARVEDILOL 3.125MG TABLET,CARVEDILOL 3.125MG ORAL
CARVEDILOL 6.25MG TABLET,CARVEDILOL 6.25MG ORAL
CARVEDILOL 12.5MG TABLET,CARVEDILOL 12.5MG ORAL
CARVEDILOL 25MG TABLET,CARVEDILOL 25MG ORAL
CEFPROZIL 250MG TABLET,CEFPROZIL 250MG ORAL
CEFPROZIL 500MG TABLET,CEFPROZIL 500MG ORAL
CHLOROTHIAZIDE 250MG TABLET,CHLOROTHIAZIDE 250MG ORAL
CHLOROTHIAZIDE 500MG TABLET,CHLOROTHIAZIDE 500MG ORAL
CHLORPROPAMIDE 100MG TABLET,CHLORPROPAMIDE 100MG ORAL
CHLORPROPAMIDE 250MG TABLET,CHLORPROPAMIDE 250MG ORAL
CHLORTHALIDONE 25MG TABLET,CHLORTHALIDONE 25MG ORAL
CHLORTHALIDONE 50MG TABLET,CHLORTHALIDONE 50MG ORAL
CHLORZOXAZONE 500MG TABLET,CHLORZOXAZONE 500MG ORAL
CILOSTAZOL 100MG TABLET,CILOSTAZOL 100MG ORAL
CILOSTAZOL 50MG TABLET,CILOSTAZOL 50MG ORAL
CIMETIDINE 200MG TABLET,CIMETIDINE 200MG ORAL
CIMETIDINE 300MG TABLET,CIMETIDINE 300MG ORAL
CIMETIDINE 400MG TABLET,CIMETIDINE 400MG ORAL
CIMETIDINE 800MG TABLET,CIMETIDINE 800MG ORAL
CLARITHROMYCIN 250MG TABLET,CLARITHROMYCIN 250MG ORAL
CLOMIPHENE CITRATE 50MG TABLET ORAL,CLOMIPHENE CITRATE 50MG ORAL
DALIRESP 250MCG TABLET,DALIRESP 250MCG ORAL
DALIRESP 500MCG TABLET,DALIRESP 500MCG ORAL
DESMOPRESSIN ACETATE 0.2MG TABLET ORAL,DESMOPRESSIN ACETATE 0.2MG ORAL
DESMOPRESSIN ACETATE 0.1MG TABLET ORAL,DESMOPRESSIN ACETATE 0.1MG ORAL
DEXAMETHASONE 0.75MG TABLET,DEXAMETHASONE 0.5MG ORAL
DEXAMETHASONE 1.5MG TABLET,DEXAMETHASONE 1.5MG ORAL
DEXAMETHASONE 0.5MG TABLET,DEXAMETHASONE 0.25MG ORAL
DEXAMETHASONE 4MG TABLET,DEXAMETHASONE 4MG ORAL
DEXAMETHASONE 6MG TABLET,DEXAMETHASONE 6MG ORAL
DEXAMETHASONE 1MG TABLET,DEXAMETHASONE 1MG ORAL
DEXAMETHASONE 2MG TABLET,DEXAMETHASONE 2MG ORAL
DIFLUNISAL 500MG TABLET,DIFLUNISAL 500MG ORAL
DIGOXIN 0.125MG TABLET,DIGOXIN 0.125MG ORAL
DIMENHYDRINATE 50MG TABLET,DIMENHYDRINATE 50MG ORAL
DIPYRIDAMOLE 25MG TABLET,DIPYRIDAMOLE 25MG ORAL
DIPYRIDAMOLE 50MG TABLET,DIPYRIDAMOLE 50MG ORAL
DIPYRIDAMOLE 75MG TABLET,DIPYRIDAMOLE 75MG ORAL
DISULFIRAM 250MG TABLET,DISULFIRAM 250MG ORAL
DISULFIRAM 500MG TABLET,DISULFIRAM 500MG ORAL
EFAVIRENZ 600MG TABLET,EFAVIRENZ 600MG ORAL
ENALAPRIL MALEATE 5MG TABLET,ENALAPRIL MALEATE 5MG ORAL
ENALAPRIL MALEATE 2.5MG TABLET ORAL,ENALAPRIL MALEATE 2.5MG ORAL
ENALAPRIL MALEATE 10MG TABLET ORAL,ENALAPRIL MALEATE 10MG ORAL
ENALAPRIL MALEATE 20MG TABLET ORAL,ENALAPRIL MALEATE 20MG ORAL
ENTACAPONE 200MG TABLET,ENTACAPONE 200MG ORAL
ENTECAVIR 0.5MG TABLET,ENTECAVIR 0.5MG ORAL
ENTRESTO 24MG-26MG TABLET,ENTRESTO 24MG;26MG ORAL
ENTRESTO 49MG-51MG TABLET,ENTRESTO 49MG;51MG ORAL
ENTRESTO 97MG-103MG TABLET,ENTRESTO 97MG;103MG ORAL
EPCLUSA 400MG-100MG TABLET,EPCLUSA 400MG;100MG ORAL
EPIVIR HBV 100MG TABLET,EPIVIR-HBV 100MG ORAL
EPLERENONE 25MG TABLET,EPLERENONE 25MG ORAL
EPLERENONE 50MG TABLET,EPLERENONE 50MG ORAL
ERGOLOID MESYLATES 1MG TABLET ORAL,ERGOLOID MESYLATES 1MG ORAL
ESTRADIOL 0.5MG TABLET,ESTRADIOL 0.5MG ORAL
ESZOPICLONE 1MG TABLET,ESZOPICLONE 1MG ORAL
ESZOPICLONE 2MG TABLET,ESZOPICLONE 2MG ORAL
ESZOPICLONE 3MG TABLET,ESZOPICLONE 3MG ORAL
ETHACRYNIC ACID 25MG TABLET,ETHACRYNIC ACID 25MG ORAL
EXEMESTANE 25MG TABLET,EXEMESTANE 25MG ORAL
FAMCICLOVIR 125MG TABLET,FAMCICLOVIR 125MG ORAL
FAMCICLOVIR 250MG TABLET,FAMCICLOVIR 250MG ORAL
FAMCICLOVIR 500MG TABLET,FAMCICLOVIR 500MG ORAL
FAMOTIDINE 20MG TABLET,FAMOTIDINE 20MG ORAL
FAMOTIDINE 40MG TABLET,FAMOTIDINE 40MG ORAL
FEBUXOSTAT 40MG TABLET,FEBUXOSTAT 40MG ORAL
FEBUXOSTAT 80MG TABLET,FEBUXOSTAT 80MG ORAL
FELBAMATE 400MG TABLET,FELBAMATE 400MG ORAL
FELBAMATE 600MG TABLET,FELBAMATE 600MG ORAL
FENOFIBRATE 54MG TABLET,FENOFIBRATE 54MG ORAL
FENOFIBRATE 160MG TABLET,FENOFIBRATE 160MG ORAL
FENOFIBRATE 48MG TABLET,FENOFIBRATE 48MG ORAL
FENOFIBRATE 145MG TABLET,FENOFIBRATE 145MG ORAL
FENOFIBRATE 120MG TABLET,FENOFIBRATE 120MG ORAL
FINASTERIDE 1MG TABLET,FINASTERIDE 1MG ORAL
FINASTERIDE 5MG TABLET,FINASTERIDE 5MG ORAL
FLECAINIDE ACETATE 50MG TABLET ORAL,FLECAINIDE ACETATE 150MG ORAL
FLECAINIDE ACETATE 100MG TABLET ORAL,FLECAINIDE ACETATE 150MG ORAL
FLECAINIDE ACETATE 150MG TABLET ORAL,FLECAINIDE ACETATE 150MG ORAL
FLUCONAZOLE 50MG TABLET,FLUCONAZOLE 50MG ORAL
FLUCONAZOLE 100MG TABLET,FLUCONAZOLE 100MG ORAL
FLUCONAZOLE 150MG TABLET,FLUCONAZOLE 150MG ORAL
FLUCONAZOLE 200MG TABLET,FLUCONAZOLE 200MG ORAL
FLURBIPROFEN 100MG TABLET,FLURBIPROFEN 100MG ORAL
FLUVOXAMINE MALEATE 25MG TABLET ORAL,FLUVOXAMINE MALEATE 50MG ORAL
FOSINOPRIL SODIUM 10MG TABLET ORAL,FOSINOPRIL SODIUM 10MG ORAL
FOSINOPRIL SODIUM 20MG TABLET ORAL,FOSINOPRIL SODIUM 20MG ORAL
FOSINOPRIL SODIUM 40MG TABLET ORAL,FOSINOPRIL SODIUM 40MG ORAL
FUROSEMIDE 20MG TABLET,FUROSEMIDE 20MG ORAL
FUROSEMIDE 40MG TABLET,FUROSEMIDE 40MG ORAL
FUROSEMIDE 80MG TABLET,FUROSEMIDE 80MG ORAL
GABAPENTIN 600MG TABLET,GABAPENTIN 600MG ORAL
GABAPENTIN 800MG TABLET,GABAPENTIN 800MG ORAL
GEMFIBROZIL 600MG TABLET,GEMFIBROZIL 600MG ORAL
GILDESS 24 FE 1-0.02MG TABLET,GILDESS 24 FE 0.02MG;1MG ORAL
GLIMEPIRIDE 1MG TABLET,GLIMEPIRIDE 1MG ORAL
GLIMEPIRIDE 2MG TABLET,GLIMEPIRIDE 2MG ORAL
GLIMEPIRIDE 4MG TABLET,GLIMEPIRIDE 4MG ORAL
GLYBURIDE 1.25MG TABLET,GLYBURIDE 1.25mg ORAL
GLYBURIDE 2.5MG TABLET,GLYBURIDE 2.5mg ORAL
GLYCOPYRROLATE 1MG TABLET,GLYCOPYRROLATE 1MG ORAL
GLYCOPYRROLATE 2MG TABLET,GLYCOPYRROLATE 2MG ORAL
GLYXAMBI 10MG-5MG TABLET,GLYXAMBI 10MG;5MG ORAL
GLYXAMBI 25MG-5MG TABLET,GLYXAMBI 25MG;5MG ORAL
GRIFULVIN V 500MG TABLET,GRIFULVIN V 500MG ORAL
HALOPERIDOL 0.5MG TABLET,HALOPERIDOL 0.5MG ORAL
HALOPERIDOL 1MG TABLET,HALOPERIDOL 1MG ORAL
HALOPERIDOL 2MG TABLET,HALOPERIDOL 2MG ORAL
HALOPERIDOL 5MG TABLET,HALOPERIDOL 5MG ORAL
HALOPERIDOL 10MG TABLET,HALOPERIDOL 10MG ORAL
HALOPERIDOL 20MG TABLET,HALOPERIDOL 20MG ORAL
HYDROCHLOROTHIAZIDE 25MG TABLET ORAL,HYDROCHLOROTHIAZIDE 25MG ORAL
HYDROCHLOROTHIAZIDE 50MG TABLET ORAL,HYDROCHLOROTHIAZIDE 50MG ORAL
HYDROCORTISONE 20MG TABLET,HYDROCORTISONE 20MG ORAL
HYDROCORTISONE 10MG TABLET,HYDROCORTISONE 10MG ORAL
HYDROCORTISONE 5MG TABLET,HYDROCORTISONE 5MG ORAL
HYDROXYCHLOROQUINE 200MG TABLET ORAL,HYDROXYCHLOROQUINE SULFATE 200MG ORAL
IBUPROFEN 600MG TABLET,IBUPROFEN 600MG ORAL
IBUPROFEN 800MG TABLET,IBUPROFEN 800MG ORAL
IBUPROFEN 400MG TABLET,IBUPROFEN 400MG ORAL
INDAPAMIDE 1.25MG TABLET,INDAPAMIDE 1.25MG ORAL
INDAPAMIDE 2.5MG TABLET,INDAPAMIDE 2.5MG ORAL
INTELENCE 100MG TABLET,INTELENCE 100MG ORAL
INTELENCE 200MG TABLET,INTELENCE 200MG ORAL
INTROVALE 0.15-0.03MG TABLET,INTROVALE 0.03MG;0.15MG ORAL
IRBESARTAN 75MG TABLET,IRBESARTAN 75MG ORAL
IRBESARTAN 150MG TABLET,IRBESARTAN 150MG ORAL
IRBESARTAN 300MG TABLET,IRBESARTAN 300MG ORAL
IRBESARTAN-HYDROCHLOROTHIAZIDE 150-12.5MG TABLET ORAL,IRBESARTAN AND HYDROCHLOROTHIAZIDE 12.5MG;150MG ORAL
IRBESARTAN-HYDROCHLOROTHIAZIDE 300-12.5MG TABLET ORAL,IRBESARTAN AND HYDROCHLOROTHIAZIDE 12.5MG;300MG ORAL
ISONIAZID 100MG TABLET,ISONIAZID 100MG ORAL
ISONIAZID 300MG TABLET,ISONIAZID 300MG ORAL
ISOSORBIDE DINITRATE 5MG TABLET ORAL,ISOSORBIDE DINITRATE 5MG ORAL
ISOSORBIDE DINITRATE 20MG TABLET ORAL,ISOSORBIDE DINITRATE 20MG ORAL
ISOSORBIDE DINITRATE 30MG TABLET ORAL,ISOSORBIDE DINITRATE 30MG ORAL
JENTADUETO 2.5MG-500MG TABLET ORAL,JENTADUETO 2.5MG;500MG ORAL
JENTADUETO 2.5MG-850MG TABLET ORAL,JENTADUETO 2.5MG;850MG ORAL
KETOCONAZOLE 200MG TABLET,KETOCONAZOLE 200MG ORAL
LAMIVUDINE 100MG TABLET,LAMIVUDINE 100MG ORAL
LAMIVUDINE 150MG TABLET,LAMIVUDINE 150MG ORAL
LAMIVUDINE 300MG TABLET,LAMIVUDINE 300MG ORAL
LAMOTRIGINE 150MG TABLET,LAMOTRIGINE 150MG ORAL
LEFLUNOMIDE 10MG TABLET,LEFLUNOMIDE 10MG ORAL
LEFLUNOMIDE 20MG TABLET,LEFLUNOMIDE 20MG ORAL
LETROZOLE 2.5MG TABLET,LETROZOLE 2.5MG ORAL
LEVETIRACETAM 250MG TABLET,LEVETIRACETAM 250MG ORAL
LEVOCARNITINE 330MG TABLET,LEVOCARNITINE 330MG ORAL
LEVOFLOXACIN 250MG TABLET,LEVOFLOXACIN 250MG ORAL
LEVOFLOXACIN 500MG TABLET,LEVOFLOXACIN 500MG ORAL
LEVOFLOXACIN 750MG TABLET,LEVOFLOXACIN 750MG ORAL
LEVONORGESTREL 1.5MG TABLET,LEVONORGESTREL 1.5MG ORAL
LEVONORGESTREL 0.75MG TABLET,LEVONORGESTREL 0.75MG ORAL
LINEZOLID 600MG TABLET,LINEZOLID 600MG ORAL
LISINOPRIL 2.5MG TABLET,LISINOPRIL 2.5MG ORAL
LISINOPRIL 10MG TABLET,LISINOPRIL 10MG ORAL
LISINOPRIL 20MG TABLET,LISINOPRIL 20MG ORAL
LISINOPRIL 30MG TABLET,LISINOPRIL 30MG ORAL
LISINOPRIL 40MG TABLET,LISINOPRIL 40MG ORAL
LISINOPRIL-HYDROCHLOROTHIAZIDE 10-12.5MG TABLET ORAL,LISINOPRIL AND HYDROCHLOROTHIAZIDE 12.5MG;10MG ORAL
LISINOPRIL-HYDROCHLOROTHIAZIDE 20-12.5MG TABLET ORAL,LISINOPRIL AND HYDROCHLOROTHIAZIDE 12.5MG;20MG ORAL
LISINOPRIL-HYDROCHLOROTHIAZIDE 20-25MG TABLET ORAL,LISINOPRIL AND HYDROCHLOROTHIAZIDE 25MG;20MG ORAL
LO-ZUMANDIMINE 3MG-0.02MG TABLET ORAL,LO-ZUMANDIMINE 3MG;0.02MG ORAL
LORAZEPAM 0.5MG TABLET,LORAZEPAM 0.5MG ORAL
LORTAB 5MG-500MG TABLET,LORTAB 500MG;5MG ORAL
LORYNA 3MG-0.02MG TABLET,LORYNA 3MG;0.02MG ORAL
LOSARTAN POTASSIUM 25MG TABLET ORAL,LOSARTAN POTASSIUM 50MG ORAL
LOSARTAN POTASSIUM 50MG TABLET ORAL,LOSARTAN POTASSIUM 50MG ORAL
LOSARTAN POTASSIUM 100MG TABLET ORAL,LOSARTAN POTASSIUM 100MG ORAL
LOVASTATIN 10MG TABLET,LOVASTATIN 10MG ORAL
LOVASTATIN 20MG TABLET,LOVASTATIN 20MG ORAL
LOVASTATIN 40MG TABLET,LOVASTATIN 40MG ORAL
MAXZIDE 75MG-50MG TABLET,MAXZIDE 50MG;75MG ORAL
MELOXICAM 7.5MG TABLET,MELOXICAM 7.5MG ORAL
MEPROBAMATE 400MG TABLET,MEPROBAMATE 400MG ORAL
MEPROBAMATE 200MG TABLET,MEPROBAMATE 200MG ORAL
MERCAPTOPURINE 50MG TABLET,MERCAPTOPURINE 50MG ORAL
METAXALONE 800MG TABLET,METAXALONE 800MG ORAL
METAXALONE 400MG TABLET,METAXALONE 400MG ORAL
METHAZOLAMIDE 25MG TABLET,METHAZOLAMIDE 25MG ORAL
METHAZOLAMIDE 50MG TABLET,METHAZOLAMIDE 50MG ORAL
METHIMAZOLE 5MG TABLET,METHIMAZOLE 5MG ORAL
METHIMAZOLE 10MG TABLET,METHIMAZOLE 10MG ORAL
METHOCARBAMOL 500MG TABLET,METHOCARBAMOL 500MG ORAL
METHOCARBAMOL 750MG TABLET,METHOCARBAMOL 750MG ORAL
METHSCOPOLAMINE BROM 2.5MG TABLET ORAL,METHSCOPOLAMINE BROMIDE 2.5MG ORAL
METHYCLOTHIAZIDE 5MG TABLET,METHYCLOTHIAZIDE 5MG ORAL
METHYLDOPA 250MG TABLET,METHYLDOPA 250MG ORAL
METHYLDOPA 500MG TABLET,METHYLDOPA 500MG ORAL
METHYLDOPA-HYDROCHLOROTHIAZIDE 250-15MG TABLET ORAL,METHYLDOPA AND HYDROCHLOROTHIAZIDE 15MG;250MG ORAL
METHYLDOPA-HYDROCHLOROTHIAZIDE 250-25MG TABLET ORAL,METHYLDOPA AND HYDROCHLOROTHIAZIDE 25MG;250MG ORAL
METHYLPREDNISOLONE 4MG TABLET,METHYLPREDNISOLONE 24MG ORAL
METHYLPREDNISOLONE 8MG TABLET ORAL,METHYLPREDNISOLONE 8MG ORAL
METHYLPREDNISOLONE 16MG TABLET ORAL,METHYLPREDNISOLONE 16MG ORAL
METHYLPREDNISOLONE 32MG TABLET ORAL,METHYLPREDNISOLONE 2MG ORAL
METOLAZONE 2.5MG TABLET,METOLAZONE 2.5MG ORAL
METOLAZONE 10MG TABLET,METOLAZONE 10MG ORAL
METOPROLOL TARTRATE 25MG TABLET ORAL,METOPROLOL TARTRATE 75MG ORAL
METOPROLOL TARTRATE 50MG TABLET ORAL,METOPROLOL TARTRATE 50MG ORAL
METOPROLOL TARTRATE 100MG TABLET ORAL,METOPROLOL TARTRATE 100MG ORAL
METOPROLOL TARTRATE 75MG TABLET ORAL,METOPROLOL TARTRATE 75MG ORAL
METOPROLOL-HYDROCHLOROTHIAZIDE 50-25MG TABLET ORAL,METOPROLOL TARTRATE AND HYDROCHLOROTHIAZIDE 25MG;50MG ORAL
METOPROLOL-HYDROCHLOROTHIAZIDE 100-25MG TABLET ORAL,METOPROLOL TARTRATE AND HYDROCHLOROTHIAZIDE 25MG;100MG ORAL
METOPROLOL-HYDROCHLOROTHIAZIDE 100-50MG TABLET ORAL,METOPROLOL TARTRATE AND HYDROCHLOROTHIAZIDE 50MG;100MG ORAL
METRONIDAZOLE 250MG TABLET,METRONIDAZOLE 250MG ORAL
METRONIDAZOLE 500MG TABLET,METRONIDAZOLE 500MG ORAL
MICARDIS HCT 40-12.5MG TABLET,MICARDIS HCT 12.5MG;40MG ORAL
MICARDIS HCT 80-12.5MG TABLET,MICARDIS HCT 12.5MG;80MG ORAL
MINOXIDIL 2.5MG TABLET,MINOXIDIL 2.5MG ORAL
MIRTAZAPINE 7.5MG TABLET,MIRTAZAPINE 7.5MG ORAL
MODAFINIL 100MG TABLET,MODAFINIL 100MG ORAL
MODAFINIL 200MG TABLET,MODAFINIL 200MG ORAL
MYAMBUTOL 400MG TABLET,MYAMBUTOL 400MG ORAL
NABUMETONE 500MG TABLET,NABUMETONE 500MG ORAL
NABUMETONE 750MG TABLET,NABUMETONE 750MG ORAL
NATEGLINIDE 60MG TABLET,NATEGLINIDE 60MG ORAL
NATEGLINIDE 120MG TABLET,NATEGLINIDE 120MG ORAL
NEURONTIN 600MG TABLET,NEURONTIN 600MG ORAL
NEURONTIN 800MG TABLET,NEURONTIN 800MG ORAL
NEVIRAPINE 200MG TABLET,NEVIRAPINE 200MG ORAL
NIKKI 3MG-0.02MG TABLET,NIKKI 3MG;0.02MG ORAL
NILANDRON 150MG TABLET,NILANDRON 150MG ORAL
OLANZAPINE 2.5MG TABLET,OLANZAPINE 2.5MG ORAL
OLANZAPINE 7.5MG TABLET,OLANZAPINE 7.5MG ORAL
OLMESARTAN MEDOXOMIL 5MG TABLET ORAL,OLMESARTAN MEDOXOMIL 5MG ORAL
OLMESARTAN MEDOXOMIL 20MG TABLET ORAL,OLMESARTAN MEDOXOMIL 40MG ORAL
OLMESARTAN MEDOXOMIL 40MG TABLET ORAL,OLMESARTAN MEDOXOMIL 40MG ORAL
OXAPROZIN 600MG CAPLET,OXAPROZIN 600MG ORAL
PERINDOPRIL ERBUMINE 4MG TABLET ORAL,PERINDOPRIL ERBUMINE 8MG ORAL
PERINDOPRIL ERBUMINE 8MG TABLET ORAL,PERINDOPRIL ERBUMINE 8MG ORAL
PRAVASTATIN SODIUM 10MG TABLET ORAL,PRAVASTATIN SODIUM 30MG ORAL
PRAVASTATIN SODIUM 20MG TABLET ORAL,PRAVASTATIN SODIUM 20MG ORAL
PRAVASTATIN SODIUM 40MG TABLET ORAL,PRAVASTATIN SODIUM 40MG ORAL
PRAVASTATIN SODIUM 80MG TABLET ORAL,PRAVASTATIN SODIUM 80MG ORAL
RISEDRONATE SODIUM 150MG TABLET ORAL,RISEDRONATE SODIUM 150MG ORAL
ROSUVASTATIN CALCIUM 5MG TABLET ORAL,ROSUVASTATIN CALCIUM 5MG ORAL
ROSUVASTATIN CALCIUM 20MG TABLET ORAL,ROSUVASTATIN CALCIUM 40MG ORAL
ROSUVASTATIN CALCIUM 10MG TABLET ORAL,ROSUVASTATIN CALCIUM 10MG ORAL
ROSUVASTATIN CALCIUM 40MG TABLET ORAL,ROSUVASTATIN CALCIUM 40MG ORAL
SETLAKIN 0.15MG-0.03MG TABLET ORAL,SETLAKIN 0.03MG;0.15MG ORAL
SEVELAMER CARBONATE 800MG TABLET ORAL,SEVELAMER CARBONATE 800MG ORAL
SPIRONOLACTONE-HYDROCHLOROTHIAZIDE 25-25 TABLET ORAL,SPIRONOLACTONE W/ HYDROCHLOROTHIAZIDE 25MG;25MG ORAL
TADALAFIL 2.5MG TABLET,TADALAFIL 2.5MG ORAL
TELMISARTAN 20MG TABLET,TELMISARTAN 20MG ORAL
TELMISARTAN 40MG TABLET,TELMISARTAN 40MG ORAL
TELMISARTAN 80MG TABLET,TELMISARTAN 80MG ORAL
TELMISARTAN-HYDROCHLOROTHIAZIDE 40-12.5MG TABLET ORAL,TELMISARTAN AND HYDROCHLOROTHIAZIDE 12.5MG;40MG ORAL
TELMISARTAN-HYDROCHLOROTHIAZIDE 80-12.5MG TABLET ORAL,TELMISARTAN AND HYDROCHLOROTHIAZIDE 12.5MG;80MG ORAL
TELMISARTAN-HYDROCHLOROTHIAZIDE 80-25MG TABLET ORAL,TELMISARTAN AND HYDROCHLOROTHIAZIDE 25MG;80MG ORAL
TENOFOVIR DISOPROXIL FUMARATE 300MG TABLET,TENOFOVIR DISOPROXIL FUMARATE 300MG ORAL
TERBUTALINE SULFATE 5MG TABLET ORAL,TERBUTALINE SULFATE 5MG ORAL
TERBUTALINE SULFATE 2.5MG TABLET ORAL,TERBUTALINE SULFATE 2.5MG ORAL
TEVETEN HCT 600-12.5MG TABLET ORAL,TEVETEN HCT 600MG;12.5MG ORAL
TIMOLOL MALEATE 5MG TABLET,TIMOLOL MALEATE 5MG ORAL
TIMOLOL MALEATE 10MG TABLET,TIMOLOL MALEATE 10MG ORAL
TINIDAZOLE 250MG TABLET,TINIDAZOLE 250MG ORAL
TINIDAZOLE 500MG TABLET,TINIDAZOLE 500MG ORAL
TOLTERODINE TARTRATE 1MG TABLET ORAL,TOLTERODINE TARTRATE 1MG ORAL
TOPIRAMATE 200MG TABLET,TOPIRAMATE 200MG ORAL
TORSEMIDE 100MG TABLET,TORSEMIDE 100MG ORAL
TRANDOLAPRIL 1MG TABLET,TRANDOLAPRIL 1MG ORAL
TRANDOLAPRIL 2MG TABLET,TRANDOLAPRIL 2MG ORAL
TRANDOLAPRIL 4MG TABLET,TRANDOLAPRIL 4MG ORAL
TRANEXAMIC ACID 650MG TABLET,TRANEXAMIC ACID 650MG ORAL
TRIAZOLAM 0.125MG TABLET,TRIAZOLAM 0.125MG ORAL
TRIAZOLAM 0.25MG TABLET,TRIAZOLAM 0.25MG ORAL
TRILEPTAL 150MG TABLET,TRILEPTAL 150MG ORAL
TRILEPTAL 300MG TABLET,TRILEPTAL 300MG ORAL
TRILEPTAL 600MG TABLET,TRILEPTAL 600MG ORAL
TRIMETHOPRIM 100MG TABLET,TRIMETHOPRIM 100MG ORAL
TRUVADA 200MG-300MG TABLET,TRUVADA 200MG;300MG ORAL
VALSARTAN 160MG TABLET,VALSARTAN 160MG ORAL
VALSARTAN 320MG TABLET,VALSARTAN 320MG ORAL
VALSARTAN-HYDROCHLOROTHIAZIDE 80-12.5MG TABLET ORAL,VALSARTAN AND HYDROCHLOROTHIAZIDE 12.5MG;80MG ORAL
VALSARTAN-HYDROCHLOROTHIAZIDE 160-12.5MG TABLET ORAL,VALSARTAN AND HYDROCHLOROTHIAZIDE 12.5MG;160MG ORAL
VALSARTAN-HYDROCHLOROTHIAZIDE 320-12.5MG TABLET ORAL,VALSARTAN AND HYDROCHLOROTHIAZIDE 12.5MG;320MG ORAL
VALSARTAN-HYDROCHLOROTHIAZIDE 160-25MG TABLET ORAL,VALSARTAN AND HYDROCHLOROTHIAZIDE 25MG;160MG ORAL
VALSARTAN-HYDROCHLOROTHIAZIDE 320-25MG TABLET ORAL,VALSARTAN AND HYDROCHLOROTHIAZIDE 25MG;320MG ORAL
VORICONAZOLE 50MG TABLET,VORICONAZOLE 50MG ORAL
VORICONAZOLE 200MG TABLET,VORICONAZOLE 200MG ORAL
ZAFIRLUKAST 10MG TABLET,ZAFIRLUKAST 10MG ORAL
ZAFIRLUKAST 20MG TABLET,ZAFIRLUKAST 20MG ORAL
ZIDOVUDINE 300MG TABLET,ZIDOVUDINE 300MG ORAL
ZOLPIDEM TARTRATE 5MG TABLET,ZOLPIDEM TARTRATE 5MG ORAL
ZOLPIDEM TARTRATE 10MG TABLET,ZOLPIDEM TARTRATE 10MG ORAL
ZORTRESS 0.75MG TABLET,ZORTRESS 0.75MG ORAL
ESTARYLLA 0.25MG-0.035MG TABLET,ESTARYLLA 0.035MG;0.25MG ORAL-28
ESTRADIOL 10MCG VAGINAL INSRT,ESTRADIOL 10MCG VAGINAL
